{
  "random_forest": {
    "temperature_mae": 0.16504228173608737,
    "temperature_rmse": 0.21907042528553713,
    "temperature_r2": 0.9445499166682003,
    "humidity_mae": 0.27604733426934575,
    "humidity_rmse": 0.411248713423465,
    "humidity_r2": 0.8389893544228729,
    "light_intensity_mae": 0.07419298019002653,
    "light_intensity_rmse": 0.15168476885240537,
    "light_intensity_r2": 0.9762862613096794,
    "overall_mae": 0.1717608653984866,
    "overall_rmse": 0.2829167278128843,
    "overall_r2": 0.9199418441335844,
    "map_score": 0.9199418441335844
  },
  "gradient_boosting": {
    "temperature_mae": 0.16295249335425638,
    "temperature_rmse": 0.20449837248042912,
    "temperature_r2": 0.9516813922095683,
    "humidity_mae": 0.37282066766024563,
    "humidity_rmse": 0.5029261798498567,
    "humidity_r2": 0.7592013911231099,
    "light_intensity_mae": 0.07612303240715033,
    "light_intensity_rmse": 0.13824445888638728,
    "light_intensity_r2": 0.9803024801137513,
    "overall_mae": 0.20396539780721745,
    "overall_rmse": 0.3234531687577583,
    "overall_r2": 0.8970617544821432,
    "map_score": 0.8970617544821432
  }
}