{
  "model_type": "random_forest",
  "performance_metrics": {
    "temperature_mae": 0.06945893692123808,
    "temperature_rmse": 0.08383129748013966,
    "temperature_r2": 0.9913788502389804,
    "humidity_mae": 0.08209720119120388,
    "humidity_rmse": 0.10082132434144833,
    "humidity_r2": 0.9876462649670388,
    "light_intensity_mae": 0.07876196145108064,
    "light_intensity_rmse": 0.11140229687710355,
    "light_intensity_r2": 0.9847304828413669,
    "overall_mae": 0.07677269985450753,
    "overall_rmse": 0.09933629351628656,
    "overall_r2": 0.9879185326824621,
    "map_score": 0.9879185326824621
  },
  "training_data": "train.csv",
  "feature_count": 15,
  "saved_at": "2025-08-12T18:43:13.542477"
}